brand,salt,strength,typical_brand_price,jan_aushadhi_price,unit
atorva,Atorvastatin,20 mg,190,25,strip of 15
atorvastatin,Atorvastatin,20 mg,190,25,strip of 15
rosuvas,Rosuvastatin,10 mg,250,35,strip of 15
clopilet,Clopidogrel,75 mg,130,20,strip of 15
clopidogrel,Clopidogrel,75 mg,130,20,strip of 15
ecosprin,Aspirin,75 mg,20,8,strip of 14
metolar,Metoprolol,25 mg,60,15,strip of 15
cardace,Ramipril,5 mg,180,30,strip of 10
amlong,Amlodipine,5 mg,60,10,strip of 15
telma,Telmisartan,40 mg,170,25,strip of 15
glycomet,Metformin,500 mg,35,10,strip of 20
pan 40,Pantoprazole,40 mg,150,18,strip of 15
pantoprazole,Pantoprazole,40 mg,150,18,strip of 15
etoshine,Etoricoxib,90 mg,160,35,strip of 10
zerodol-p,Aceclofenac + Paracetamol,100 mg + 325 mg,70,15,strip of 10
tamsulosin,Tamsulosin,0.4 mg,180,35,strip of 15
urimax,Tamsulosin,0.4 mg,180,35,strip of 15
shelcal,Calcium + Vitamin D3,500 mg + 250 IU,120,25,strip of 15
dolo 650,Paracetamol,650 mg,30,10,strip of 15
paracetamol,Paracetamol,650 mg,30,10,strip of 15
