city,name,type,area,lat,lng,departments,facilities,fee_note
delhi,AIIMS New Delhi,Government,Ansari Nagar,28.5672,77.2100,cardiology;orthopaedics;neurosurgery;neurology;urology;ophthalmology;pmr,emergency;cath_lab;stroke;trauma;neurosurgery;dialysis,Very low OPD fee; book at ors.gov.in
delhi,JPN Apex Trauma Centre (AIIMS),Government,Ring Road,28.5687,77.2003,orthopaedics;neurosurgery,emergency;trauma;neurosurgery,Emergency trauma care
delhi,Safdarjung Hospital,Government,Ansari Nagar West,28.5685,77.2065,cardiology;orthopaedics;neurosurgery;neurology;urology;ophthalmology;pmr,emergency;cath_lab;stroke;trauma;neurosurgery;dialysis,Very low OPD fee; book at ors.gov.in
delhi,Dr. Ram Manohar Lohia Hospital,Government,Connaught Place,28.6265,77.2006,cardiology;orthopaedics;neurosurgery;neurology;urology;ophthalmology,emergency;cath_lab;stroke;neurosurgery;dialysis,Very low OPD fee; book at ors.gov.in
delhi,G.B. Pant Hospital (GIPMER),Government,Jawaharlal Nehru Marg,28.6395,77.2370,cardiology;neurosurgery;neurology,emergency;cath_lab;stroke;neurosurgery,Delhi Govt; free or very low fee
delhi,Lok Nayak Hospital,Government,Delhi Gate,28.6389,77.2389,orthopaedics;neurology;urology;ophthalmology,emergency;trauma;dialysis,Delhi Govt; free or very low fee
delhi,Guru Teg Bahadur Hospital,Government,Shahdara,28.6856,77.3101,cardiology;orthopaedics;neurology;urology,emergency;trauma,Delhi Govt; free or very low fee
lucknow,King George's Medical University,Government,Chowk,26.8697,80.9168,cardiology;orthopaedics;neurosurgery;neurology;urology;ophthalmology,emergency;cath_lab;stroke;trauma;neurosurgery;dialysis,Very low registration fee
lucknow,SGPGIMS,Government,Raebareli Road,26.7445,80.9363,cardiology;neurosurgery;neurology;urology,emergency;cath_lab;stroke;neurosurgery;dialysis,Low registration fee
lucknow,Dr. RML Institute of Medical Sciences,Government,Gomti Nagar,26.8609,81.0060,cardiology;orthopaedics;neurosurgery;neurology;urology,emergency;cath_lab;stroke;neurosurgery,Low registration fee
patna,AIIMS Patna,Government,Phulwari Sharif,25.5590,85.0545,cardiology;orthopaedics;neurosurgery;neurology;urology;ophthalmology,emergency;cath_lab;stroke;trauma;neurosurgery;dialysis,Very low OPD fee; book at ors.gov.in
patna,IGIMS Patna,Government,Sheikhpura,25.6116,85.0919,cardiology;orthopaedics;neurosurgery;neurology;urology;ophthalmology,emergency;cath_lab;stroke;neurosurgery;dialysis,Low registration fee
patna,Patna Medical College & Hospital,Government,Ashok Rajpath,25.6200,85.1580,orthopaedics;neurology;urology;ophthalmology,emergency;trauma,Free or very low fee
mumbai,KEM Hospital,Government,Parel,19.0025,72.8423,cardiology;orthopaedics;neurosurgery;neurology;urology;ophthalmology;pmr,emergency;cath_lab;stroke;trauma;neurosurgery;dialysis,BMC; free or very low fee
mumbai,LTMG Sion Hospital,Government,Sion,19.0390,72.8619,cardiology;orthopaedics;neurosurgery;neurology;urology;ophthalmology,emergency;cath_lab;stroke;trauma;neurosurgery;dialysis,BMC; free or very low fee
mumbai,Sir JJ Hospital,Government,Byculla,18.9630,72.8331,cardiology;orthopaedics;neurology;urology;ophthalmology,emergency;cath_lab;trauma,Free or very low fee
bengaluru,Sri Jayadeva Institute of Cardiovascular Sciences,Government,Bannerghatta Road,12.9177,77.5990,cardiology,emergency;cath_lab,Government cardiac institute; subsidised rates
bengaluru,Victoria Hospital,Government,Fort Road,12.9636,77.5746,orthopaedics;neurology;urology;ophthalmology,emergency;trauma;dialysis,Free or very low fee
bengaluru,NIMHANS,Government,Hosur Road,12.9430,77.5960,neurology;neurosurgery,emergency;stroke;neurosurgery,Low registration fee
bengaluru,Sanjay Gandhi Institute of Trauma & Orthopaedics,Government,Jayanagar,12.9300,77.5830,orthopaedics,emergency;trauma,Low registration fee
jaipur,SMS Hospital,Government,JLN Marg,26.9050,75.8150,cardiology;orthopaedics;neurosurgery;neurology;urology;ophthalmology,emergency;cath_lab;stroke;trauma;neurosurgery;dialysis,Free for many patients under Rajasthan state scheme
