key,name,applies_to,govt_min,govt_max,private_min,private_max,pmjay_coverable,procedure,match_words,note
ecg_echo,ECG + Echo (heart tests),heart,100,1500,1500,5000,partly,no,,First tests for most heart problems
angiography,Coronary angiography,heart,2000,10000,15000,40000,yes,no,angiography;angiogram;एंजियोग्राफी,Shows whether heart arteries are blocked
angioplasty,Angioplasty with stent,heart,30000,90000,150000,400000,yes,yes,angioplasty;stent;एंजियोप्लास्टी;स्टेंट,Stent prices are capped by the government (NPPA) - ask for the itemised bill
cabg,Heart bypass surgery (CABG),heart,50000,150000,250000,500000,yes,yes,bypass;cabg;बायपास,Major decision - get a second opinion first
mri_knee,X-ray / MRI knee,knee,500,4000,2000,10000,partly,no,,Confirms how badly the joint is damaged
physio,Physiotherapy course (10 sessions),knee;back;neck;shoulder,0,2000,4000,12000,no,no,,Often tried before or after joint and spine treatment
tkr,Knee replacement (one knee),knee,20000,80000,200000,400000,yes,yes,knee replacement;घुटना बदल;tkr,Major decision - get a second opinion first
kidney_scan,Ultrasound / CT for kidney stone,kidney,300,3000,1500,8000,partly,no,,Shows stone size and position
kidney_stone,Kidney stone surgery (URS / PCNL),kidney,5000,25000,60000,150000,yes,yes,urs;pcnl;stone surgery;पथरी का ऑपरेशन,Small stones sometimes pass with medicines - ask first
cataract,Cataract surgery (one eye),eye,0,5000,20000,60000,yes,yes,cataract;motiyabind;मोतियाबिंद,Free at many government hospitals and eye camps
mri_spine,MRI spine,back;neck,1500,4000,5000,12000,partly,no,,Usually needed before any spine surgery decision
discectomy,Spine disc surgery (discectomy),back;neck,10000,50000,150000,300000,yes,yes,discectomy;disc surgery,Major decision - get a second opinion first
